"filename", "language", "TypeScript", "Markdown", "JSON", "JSON with Comments", "HTML", "SCSS", "TypeScript JSX", "JavaScript", "Python", "XML", "comment", "blank", "total"
"c:\Users\dariu\Desktop\programming\flavorSynthesizer\.VSCodeCounter\2026-03-10_11-56-41\details.md", "Markdown", 0, 189, 0, 0, 0, 0, 0, 0, 0, 0, 0, 6, 195
"c:\Users\dariu\Desktop\programming\flavorSynthesizer\.VSCodeCounter\2026-03-10_11-56-41\diff-details.md", "Markdown", 0, 9, 0, 0, 0, 0, 0, 0, 0, 0, 0, 6, 15
"c:\Users\dariu\Desktop\programming\flavorSynthesizer\.VSCodeCounter\2026-03-10_11-56-41\diff.md", "Markdown", 0, 12, 0, 0, 0, 0, 0, 0, 0, 0, 0, 7, 19
"c:\Users\dariu\Desktop\programming\flavorSynthesizer\.VSCodeCounter\2026-03-10_11-56-41\results.json", "JSON", 0, 0, 1, 0, 0, 0, 0, 0, 0, 0, 0, 0, 1
"c:\Users\dariu\Desktop\programming\flavorSynthesizer\.VSCodeCounter\2026-03-10_11-56-41\results.md", "Markdown", 0, 95, 0, 0, 0, 0, 0, 0, 0, 0, 0, 7, 102
"c:\Users\dariu\Desktop\programming\flavorSynthesizer\.VSCodeCounter\2026-03-13_15-40-05\details.md", "Markdown", 0, 217, 0, 0, 0, 0, 0, 0, 0, 0, 0, 6, 223
"c:\Users\dariu\Desktop\programming\flavorSynthesizer\.VSCodeCounter\2026-03-13_15-40-05\diff-details.md", "Markdown", 0, 75, 0, 0, 0, 0, 0, 0, 0, 0, 0, 6, 81
"c:\Users\dariu\Desktop\programming\flavorSynthesizer\.VSCodeCounter\2026-03-13_15-40-05\diff.md", "Markdown", 0, 68, 0, 0, 0, 0, 0, 0, 0, 0, 0, 7, 75
"c:\Users\dariu\Desktop\programming\flavorSynthesizer\.VSCodeCounter\2026-03-13_15-40-05\results.json", "JSON", 0, 0, 1, 0, 0, 0, 0, 0, 0, 0, 0, 0, 1
"c:\Users\dariu\Desktop\programming\flavorSynthesizer\.VSCodeCounter\2026-03-13_15-40-05\results.md", "Markdown", 0, 115, 0, 0, 0, 0, 0, 0, 0, 0, 0, 7, 122
"c:\Users\dariu\Desktop\programming\flavorSynthesizer\.VSCodeCounter\2026-03-13_18-32-17\details.md", "Markdown", 0, 225, 0, 0, 0, 0, 0, 0, 0, 0, 0, 6, 231
"c:\Users\dariu\Desktop\programming\flavorSynthesizer\.VSCodeCounter\2026-03-13_18-32-17\diff-details.md", "Markdown", 0, 23, 0, 0, 0, 0, 0, 0, 0, 0, 0, 6, 29
"c:\Users\dariu\Desktop\programming\flavorSynthesizer\.VSCodeCounter\2026-03-13_18-32-17\diff.md", "Markdown", 0, 31, 0, 0, 0, 0, 0, 0, 0, 0, 0, 7, 38
"c:\Users\dariu\Desktop\programming\flavorSynthesizer\.VSCodeCounter\2026-03-13_18-32-17\results.json", "JSON", 0, 0, 1, 0, 0, 0, 0, 0, 0, 0, 0, 0, 1
"c:\Users\dariu\Desktop\programming\flavorSynthesizer\.VSCodeCounter\2026-03-13_18-32-17\results.md", "Markdown", 0, 117, 0, 0, 0, 0, 0, 0, 0, 0, 0, 7, 124
"c:\Users\dariu\Desktop\programming\flavorSynthesizer\.VSCodeCounter\2026-03-14_00-03-56\details.md", "Markdown", 0, 237, 0, 0, 0, 0, 0, 0, 0, 0, 0, 6, 243
"c:\Users\dariu\Desktop\programming\flavorSynthesizer\.VSCodeCounter\2026-03-14_00-03-56\diff-details.md", "Markdown", 0, 37, 0, 0, 0, 0, 0, 0, 0, 0, 0, 6, 43
"c:\Users\dariu\Desktop\programming\flavorSynthesizer\.VSCodeCounter\2026-03-14_00-03-56\diff.md", "Markdown", 0, 35, 0, 0, 0, 0, 0, 0, 0, 0, 0, 7, 42
"c:\Users\dariu\Desktop\programming\flavorSynthesizer\.VSCodeCounter\2026-03-14_00-03-56\results.json", "JSON", 0, 0, 1, 0, 0, 0, 0, 0, 0, 0, 0, 0, 1
"c:\Users\dariu\Desktop\programming\flavorSynthesizer\.VSCodeCounter\2026-03-14_00-03-56\results.md", "Markdown", 0, 119, 0, 0, 0, 0, 0, 0, 0, 0, 0, 7, 126
"c:\Users\dariu\Desktop\programming\flavorSynthesizer\.VSCodeCounter\2026-03-19_22-17-29\details.md", "Markdown", 0, 252, 0, 0, 0, 0, 0, 0, 0, 0, 0, 6, 258
"c:\Users\dariu\Desktop\programming\flavorSynthesizer\.VSCodeCounter\2026-03-19_22-17-29\diff-details.md", "Markdown", 0, 84, 0, 0, 0, 0, 0, 0, 0, 0, 0, 6, 90
"c:\Users\dariu\Desktop\programming\flavorSynthesizer\.VSCodeCounter\2026-03-19_22-17-29\diff.md", "Markdown", 0, 63, 0, 0, 0, 0, 0, 0, 0, 0, 0, 7, 70
"c:\Users\dariu\Desktop\programming\flavorSynthesizer\.VSCodeCounter\2026-03-19_22-17-29\results.json", "JSON", 0, 0, 1, 0, 0, 0, 0, 0, 0, 0, 0, 0, 1
"c:\Users\dariu\Desktop\programming\flavorSynthesizer\.VSCodeCounter\2026-03-19_22-17-29\results.md", "Markdown", 0, 122, 0, 0, 0, 0, 0, 0, 0, 0, 0, 7, 129
"c:\Users\dariu\Desktop\programming\flavorSynthesizer\README.md", "Markdown", 0, 169, 0, 0, 0, 0, 0, 0, 0, 0, 2, 49, 220
"c:\Users\dariu\Desktop\programming\flavorSynthesizer\eslint.config.js", "JavaScript", 0, 0, 0, 0, 0, 0, 0, 22, 0, 0, 0, 2, 24
"c:\Users\dariu\Desktop\programming\flavorSynthesizer\index.html", "HTML", 0, 0, 0, 0, 20, 0, 0, 0, 0, 0, 0, 5, 25
"c:\Users\dariu\Desktop\programming\flavorSynthesizer\package-lock.json", "JSON", 0, 0, 4417, 0, 0, 0, 0, 0, 0, 0, 0, 1, 4418
"c:\Users\dariu\Desktop\programming\flavorSynthesizer\package.json", "JSON", 0, 0, 47, 0, 0, 0, 0, 0, 0, 0, 0, 1, 48
"c:\Users\dariu\Desktop\programming\flavorSynthesizer\public\flavors\Test.ts", "TypeScript", 54, 0, 0, 0, 0, 0, 0, 0, 0, 0, 0, 17, 71
"c:\Users\dariu\Desktop\programming\flavorSynthesizer\public\flavors\audio\110.json", "JSON", 0, 0, 153, 0, 0, 0, 0, 0, 0, 0, 0, 0, 153
"c:\Users\dariu\Desktop\programming\flavorSynthesizer\public\flavors\audio\124.json", "JSON", 0, 0, 178, 0, 0, 0, 0, 0, 0, 0, 0, 0, 178
"c:\Users\dariu\Desktop\programming\flavorSynthesizer\public\flavors\audio\130.json", "JSON", 0, 0, 153, 0, 0, 0, 0, 0, 0, 0, 0, 0, 153
"c:\Users\dariu\Desktop\programming\flavorSynthesizer\public\flavors\audio\81.json", "JSON", 0, 0, 53, 0, 0, 0, 0, 0, 0, 0, 0, 0, 53
"c:\Users\dariu\Desktop\programming\flavorSynthesizer\public\flavors\audio\downloader.py", "Python", 0, 0, 0, 0, 0, 0, 0, 0, 37, 0, 0, 11, 48
"c:\Users\dariu\Desktop\programming\flavorSynthesizer\public\flavors\audio\filterSilentOnes.py", "Python", 0, 0, 0, 0, 0, 0, 0, 0, 26, 0, 1, 8, 35
"c:\Users\dariu\Desktop\programming\flavorSynthesizer\public\flavors\audio\loopMaker.py", "Python", 0, 0, 0, 0, 0, 0, 0, 0, 41, 0, 0, 17, 58
"c:\Users\dariu\Desktop\programming\flavorSynthesizer\public\flavors\audio\sortAndRename.py", "Python", 0, 0, 0, 0, 0, 0, 0, 0, 27, 0, 4, 9, 40
"c:\Users\dariu\Desktop\programming\flavorSynthesizer\public\flavors\createClasses.py", "Python", 0, 0, 0, 0, 0, 0, 0, 0, 21, 0, 0, 8, 29
"c:\Users\dariu\Desktop\programming\flavorSynthesizer\public\flavors\flavorColors.json", "JSON", 0, 0, 659, 0, 0, 0, 0, 0, 0, 0, 0, 0, 659
"c:\Users\dariu\Desktop\programming\flavorSynthesizer\public\flavors\flavorImages.json", "JSON", 0, 0, 75, 0, 0, 0, 0, 0, 0, 0, 0, 0, 75
"c:\Users\dariu\Desktop\programming\flavorSynthesizer\public\flavors\flavors.json", "JSON", 0, 0, 75, 0, 0, 0, 0, 0, 0, 0, 0, 0, 75
"c:\Users\dariu\Desktop\programming\flavorSynthesizer\public\flavors\images\convertImagesToJsonImageArray.py", "Python", 0, 0, 0, 0, 0, 0, 0, 0, 33, 0, 0, 11, 44
"c:\Users\dariu\Desktop\programming\flavorSynthesizer\public\flavors\images\convertImagesToJsonImageArrayMainFlavors.py", "Python", 0, 0, 0, 0, 0, 0, 0, 0, 33, 0, 0, 11, 44
"c:\Users\dariu\Desktop\programming\flavorSynthesizer\public\flavors\images\createImages.py", "Python", 0, 0, 0, 0, 0, 0, 0, 0, 32, 0, 17, 17, 66
"c:\Users\dariu\Desktop\programming\flavorSynthesizer\public\flavors\mainFlavorColors.json", "JSON", 0, 0, 26, 0, 0, 0, 0, 0, 0, 0, 0, 0, 26
"c:\Users\dariu\Desktop\programming\flavorSynthesizer\public\flavors\mainFlavorImages.json", "JSON", 0, 0, 8, 0, 0, 0, 0, 0, 0, 0, 0, 0, 8
"c:\Users\dariu\Desktop\programming\flavorSynthesizer\public\manifest\favicon.svg", "XML", 0, 0, 0, 0, 0, 0, 0, 0, 0, 1, 0, 0, 1
"c:\Users\dariu\Desktop\programming\flavorSynthesizer\public\manifest\site.webmanifest", "JSON", 0, 0, 21, 0, 0, 0, 0, 0, 0, 0, 0, 0, 21
"c:\Users\dariu\Desktop\programming\flavorSynthesizer\public\masks\convertGrayScaleToAlphaAsWell.py", "Python", 0, 0, 0, 0, 0, 0, 0, 0, 14, 0, 0, 5, 19
"c:\Users\dariu\Desktop\programming\flavorSynthesizer\public\sprites\flavors\flavors.json", "JSON", 0, 0, 440, 0, 0, 0, 0, 0, 0, 0, 0, 0, 440
"c:\Users\dariu\Desktop\programming\flavorSynthesizer\public\sprites\mainFlavors\mainFlavors.json", "JSON", 0, 0, 38, 0, 0, 0, 0, 0, 0, 0, 0, 0, 38
"c:\Users\dariu\Desktop\programming\flavorSynthesizer\public\utils-python\convertFoldersToFileSizeJson.py", "Python", 0, 0, 0, 0, 0, 0, 0, 0, 54, 0, 7, 17, 78
"c:\Users\dariu\Desktop\programming\flavorSynthesizer\public\utils-python\convertImageToSelectionJson.py", "Python", 0, 0, 0, 0, 0, 0, 0, 0, 22, 0, 10, 12, 44
"c:\Users\dariu\Desktop\programming\flavorSynthesizer\public\utils-python\convertToImages.py", "Python", 0, 0, 0, 0, 0, 0, 0, 0, 58, 0, 0, 18, 76
"c:\Users\dariu\Desktop\programming\flavorSynthesizer\public\utils-python\createSpriteImage.py", "Python", 0, 0, 0, 0, 0, 0, 0, 0, 31, 0, 7, 10, 48
"c:\Users\dariu\Desktop\programming\flavorSynthesizer\public\utils-python\listFileSizes.py", "Python", 0, 0, 0, 0, 0, 0, 0, 0, 20, 0, 0, 11, 31
"c:\Users\dariu\Desktop\programming\flavorSynthesizer\server\package-lock.json", "JSON", 0, 0, 2759, 0, 0, 0, 0, 0, 0, 0, 0, 1, 2760
"c:\Users\dariu\Desktop\programming\flavorSynthesizer\server\package.json", "JSON", 0, 0, 32, 0, 0, 0, 0, 0, 0, 0, 0, 1, 33
"c:\Users\dariu\Desktop\programming\flavorSynthesizer\server\src\@types\Api.ts", "TypeScript", 68, 0, 0, 0, 0, 0, 0, 0, 0, 0, 11, 17, 96
"c:\Users\dariu\Desktop\programming\flavorSynthesizer\server\src\@types\ApiBodyFormats\Users.ts", "TypeScript", 203, 0, 0, 0, 0, 0, 0, 0, 0, 0, 0, 13, 216
"c:\Users\dariu\Desktop\programming\flavorSynthesizer\server\src\@types\Endpoints.ts", "TypeScript", 34, 0, 0, 0, 0, 0, 0, 0, 0, 0, 0, 8, 42
"c:\Users\dariu\Desktop\programming\flavorSynthesizer\server\src\@types\Flavors.ts", "TypeScript", 85, 0, 0, 0, 0, 0, 0, 0, 0, 0, 0, 2, 87
"c:\Users\dariu\Desktop\programming\flavorSynthesizer\server\src\@types\User.ts", "TypeScript", 51, 0, 0, 0, 0, 0, 0, 0, 0, 0, 0, 9, 60
"c:\Users\dariu\Desktop\programming\flavorSynthesizer\server\src\@types\db.ts", "TypeScript", 36, 0, 0, 0, 0, 0, 0, 0, 0, 0, 0, 8, 44
"c:\Users\dariu\Desktop\programming\flavorSynthesizer\server\src\Dotenv.ts", "TypeScript", 20, 0, 0, 0, 0, 0, 0, 0, 0, 0, 0, 4, 24
"c:\Users\dariu\Desktop\programming\flavorSynthesizer\server\src\endpoints\dishes\DishesEndpoints.ts", "TypeScript", 40, 0, 0, 0, 0, 0, 0, 0, 0, 0, 0, 12, 52
"c:\Users\dariu\Desktop\programming\flavorSynthesizer\server\src\endpoints\restaurant\RestaurantEndpoints.ts", "TypeScript", 23, 0, 0, 0, 0, 0, 0, 0, 0, 0, 0, 7, 30
"c:\Users\dariu\Desktop\programming\flavorSynthesizer\server\src\endpoints\share\ShareEndpoints.ts", "TypeScript", 117, 0, 0, 0, 0, 0, 0, 0, 0, 0, 0, 31, 148
"c:\Users\dariu\Desktop\programming\flavorSynthesizer\server\src\endpoints\users\UsersEndpoints.ts", "TypeScript", 68, 0, 0, 0, 0, 0, 0, 0, 0, 0, 0, 18, 86
"c:\Users\dariu\Desktop\programming\flavorSynthesizer\server\src\endpoints\utils\EndpointUtils.ts", "TypeScript", 129, 0, 0, 0, 0, 0, 0, 0, 0, 0, 0, 23, 152
"c:\Users\dariu\Desktop\programming\flavorSynthesizer\server\src\main\index.ts", "TypeScript", 17, 0, 0, 0, 0, 0, 0, 0, 0, 0, 0, 5, 22
"c:\Users\dariu\Desktop\programming\flavorSynthesizer\server\src\sql\DBConnection.ts", "TypeScript", 31, 0, 0, 0, 0, 0, 0, 0, 0, 0, 0, 7, 38
"c:\Users\dariu\Desktop\programming\flavorSynthesizer\server\src\sql\DishManager.ts", "TypeScript", 243, 0, 0, 0, 0, 0, 0, 0, 0, 0, 7, 41, 291
"c:\Users\dariu\Desktop\programming\flavorSynthesizer\server\src\sql\ShareManager.ts", "TypeScript", 352, 0, 0, 0, 0, 0, 0, 0, 0, 0, 0, 61, 413
"c:\Users\dariu\Desktop\programming\flavorSynthesizer\server\src\sql\Users.ts", "TypeScript", 69, 0, 0, 0, 0, 0, 0, 0, 0, 0, 0, 12, 81
"c:\Users\dariu\Desktop\programming\flavorSynthesizer\server\src\utils\Utils.ts", "TypeScript", 60, 0, 0, 0, 0, 0, 0, 0, 0, 0, 6, 13, 79
"c:\Users\dariu\Desktop\programming\flavorSynthesizer\server\tsconfig.json", "JSON with Comments", 0, 0, 0, 25, 0, 0, 0, 0, 0, 0, 0, 0, 25
"c:\Users\dariu\Desktop\programming\flavorSynthesizer\src\@types\Api.ts", "TypeScript", 83, 0, 0, 0, 0, 0, 0, 0, 0, 0, 0, 19, 102
"c:\Users\dariu\Desktop\programming\flavorSynthesizer\src\@types\Flavors.ts", "TypeScript", 22, 0, 0, 0, 0, 0, 0, 0, 0, 0, 0, 7, 29
"c:\Users\dariu\Desktop\programming\flavorSynthesizer\src\@types\User.ts", "TypeScript", 59, 0, 0, 0, 0, 0, 0, 0, 0, 0, 0, 13, 72
"c:\Users\dariu\Desktop\programming\flavorSynthesizer\src\@types\downloadImageSizes.json", "JSON", 0, 0, 28, 0, 0, 0, 0, 0, 0, 0, 0, 0, 28
"c:\Users\dariu\Desktop\programming\flavorSynthesizer\src\@types\downloadSizes.json", "JSON", 0, 0, 542, 0, 0, 0, 0, 0, 0, 0, 0, 0, 542
"c:\Users\dariu\Desktop\programming\flavorSynthesizer\src\@types\flavorColors.json", "JSON", 0, 0, 659, 0, 0, 0, 0, 0, 0, 0, 0, 0, 659
"c:\Users\dariu\Desktop\programming\flavorSynthesizer\src\@types\flavorImages.json", "JSON", 0, 0, 75, 0, 0, 0, 0, 0, 0, 0, 0, 0, 75
"c:\Users\dariu\Desktop\programming\flavorSynthesizer\src\@types\generative-music__samples-alex-bainter.d.ts", "TypeScript", 5, 0, 0, 0, 0, 0, 0, 0, 0, 0, 0, 0, 5
"c:\Users\dariu\Desktop\programming\flavorSynthesizer\src\@types\mainFlavorColors.json", "JSON", 0, 0, 26, 0, 0, 0, 0, 0, 0, 0, 0, 0, 26
"c:\Users\dariu\Desktop\programming\flavorSynthesizer\src\@types\mainFlavorImages.json", "JSON", 0, 0, 8, 0, 0, 0, 0, 0, 0, 0, 0, 0, 8
"c:\Users\dariu\Desktop\programming\flavorSynthesizer\src\Images.ts", "TypeScript", 1, 0, 0, 0, 0, 0, 0, 0, 0, 0, 0, 1, 2
"c:\Users\dariu\Desktop\programming\flavorSynthesizer\src\app\App.scss", "SCSS", 0, 0, 0, 0, 0, 142, 0, 0, 0, 0, 20, 37, 199
"c:\Users\dariu\Desktop\programming\flavorSynthesizer\src\app\App.tsx", "TypeScript JSX", 0, 0, 0, 0, 0, 0, 765, 0, 0, 0, 33, 142, 940
"c:\Users\dariu\Desktop\programming\flavorSynthesizer\src\app\types.d.ts", "TypeScript", 4, 0, 0, 0, 0, 0, 0, 0, 0, 0, 0, 0, 4
"c:\Users\dariu\Desktop\programming\flavorSynthesizer\src\audio\FlavorMusic.ts", "TypeScript", 285, 0, 0, 0, 0, 0, 0, 0, 0, 0, 30, 83, 398
"c:\Users\dariu\Desktop\programming\flavorSynthesizer\src\audio\Flavors.ts", "TypeScript", 60, 0, 0, 0, 0, 0, 0, 0, 0, 0, 6, 8, 74
"c:\Users\dariu\Desktop\programming\flavorSynthesizer\src\audio\main\Bitter.ts", "TypeScript", 87, 0, 0, 0, 0, 0, 0, 0, 0, 0, 3, 29, 119
"c:\Users\dariu\Desktop\programming\flavorSynthesizer\src\audio\main\Salty.ts", "TypeScript", 93, 0, 0, 0, 0, 0, 0, 0, 0, 0, 3, 30, 126
"c:\Users\dariu\Desktop\programming\flavorSynthesizer\src\audio\main\Savory.ts", "TypeScript", 89, 0, 0, 0, 0, 0, 0, 0, 0, 0, 3, 31, 123
"c:\Users\dariu\Desktop\programming\flavorSynthesizer\src\audio\main\Sour.ts", "TypeScript", 86, 0, 0, 0, 0, 0, 0, 0, 0, 0, 3, 30, 119
"c:\Users\dariu\Desktop\programming\flavorSynthesizer\src\audio\main\Spicy.ts", "TypeScript", 92, 0, 0, 0, 0, 0, 0, 0, 0, 0, 0, 30, 122
"c:\Users\dariu\Desktop\programming\flavorSynthesizer\src\audio\main\Sweet.ts", "TypeScript", 96, 0, 0, 0, 0, 0, 0, 0, 0, 0, 4, 32, 132
"c:\Users\dariu\Desktop\programming\flavorSynthesizer\src\components\FlavorUtils.ts", "TypeScript", 324, 0, 0, 0, 0, 0, 0, 0, 0, 0, 30, 92, 446
"c:\Users\dariu\Desktop\programming\flavorSynthesizer\src\components\MainFlavorSelectionDialog\MainFlavorSelectionDialog.scss", "SCSS", 0, 0, 0, 0, 0, 128, 0, 0, 0, 0, 1, 24, 153
"c:\Users\dariu\Desktop\programming\flavorSynthesizer\src\components\MainFlavorSelectionDialog\MainFlavorSelectionDialog.tsx", "TypeScript JSX", 0, 0, 0, 0, 0, 0, 36, 0, 0, 0, 1, 6, 43
"c:\Users\dariu\Desktop\programming\flavorSynthesizer\src\components\ResourceSaver.ts", "TypeScript", 113, 0, 0, 0, 0, 0, 0, 0, 0, 0, 0, 37, 150
"c:\Users\dariu\Desktop\programming\flavorSynthesizer\src\components\addCustomFlavor\AddCustomFlavorDialog.scss", "SCSS", 0, 0, 0, 0, 0, 284, 0, 0, 0, 0, 0, 45, 329
"c:\Users\dariu\Desktop\programming\flavorSynthesizer\src\components\addCustomFlavor\AddCustomFlavorDialog.tsx", "TypeScript JSX", 0, 0, 0, 0, 0, 0, 468, 0, 0, 0, 9, 116, 593
"c:\Users\dariu\Desktop\programming\flavorSynthesizer\src\components\addCustomFlavor\CustomFlavorManager.ts", "TypeScript", 172, 0, 0, 0, 0, 0, 0, 0, 0, 0, 11, 62, 245
"c:\Users\dariu\Desktop\programming\flavorSynthesizer\src\components\cssImageLoader\CssImageLoader.ts", "TypeScript", 0, 0, 0, 0, 0, 0, 0, 0, 0, 0, 107, 21, 128
"c:\Users\dariu\Desktop\programming\flavorSynthesizer\src\components\currentMainTheme\CurrentMainThemeSelector.scss", "SCSS", 0, 0, 0, 0, 0, 86, 0, 0, 0, 0, 1, 21, 108
"c:\Users\dariu\Desktop\programming\flavorSynthesizer\src\components\currentMainTheme\CurrentMainThemeSelector.tsx", "TypeScript JSX", 0, 0, 0, 0, 0, 0, 27, 0, 0, 0, 0, 3, 30
"c:\Users\dariu\Desktop\programming\flavorSynthesizer\src\components\customFlavorMenu\CustomFlavorItem.tsx", "TypeScript JSX", 0, 0, 0, 0, 0, 0, 50, 0, 0, 0, 0, 18, 68
"c:\Users\dariu\Desktop\programming\flavorSynthesizer\src\components\customFlavorMenu\CustomFlavorMenu.scss", "SCSS", 0, 0, 0, 0, 0, 190, 0, 0, 0, 0, 0, 32, 222
"c:\Users\dariu\Desktop\programming\flavorSynthesizer\src\components\customFlavorMenu\CustomFlavorMenu.tsx", "TypeScript JSX", 0, 0, 0, 0, 0, 0, 65, 0, 0, 0, 0, 14, 79
"c:\Users\dariu\Desktop\programming\flavorSynthesizer\src\components\customFlavorMenu\CustomFlavorPreview.tsx", "TypeScript JSX", 0, 0, 0, 0, 0, 0, 38, 0, 0, 0, 0, 8, 46
"c:\Users\dariu\Desktop\programming\flavorSynthesizer\src\components\customFlavorMenu\CustomFlavorServerManager.ts", "TypeScript", 111, 0, 0, 0, 0, 0, 0, 0, 0, 0, 0, 16, 127
"c:\Users\dariu\Desktop\programming\flavorSynthesizer\src\components\dialogs\ConfirmDialog.scss", "SCSS", 0, 0, 0, 0, 0, 48, 0, 0, 0, 0, 0, 7, 55
"c:\Users\dariu\Desktop\programming\flavorSynthesizer\src\components\dialogs\ConfirmDialog.tsx", "TypeScript JSX", 0, 0, 0, 0, 0, 0, 68, 0, 0, 0, 0, 8, 76
"c:\Users\dariu\Desktop\programming\flavorSynthesizer\src\components\dialogs\ConfirmDialogContext.ts", "TypeScript", 13, 0, 0, 0, 0, 0, 0, 0, 0, 0, 0, 5, 18
"c:\Users\dariu\Desktop\programming\flavorSynthesizer\src\components\dialogs\InputDialog.tsx", "TypeScript JSX", 0, 0, 0, 0, 0, 0, 77, 0, 0, 0, 0, 10, 87
"c:\Users\dariu\Desktop\programming\flavorSynthesizer\src\components\dialogs\InputDialogContext.ts", "TypeScript", 13, 0, 0, 0, 0, 0, 0, 0, 0, 0, 0, 5, 18
"c:\Users\dariu\Desktop\programming\flavorSynthesizer\src\components\dishList\DishList.scss", "SCSS", 0, 0, 0, 0, 0, 360, 0, 0, 0, 0, 114, 83, 557
"c:\Users\dariu\Desktop\programming\flavorSynthesizer\src\components\dishList\DishList.tsx", "TypeScript JSX", 0, 0, 0, 0, 0, 0, 353, 0, 0, 0, 26, 88, 467
"c:\Users\dariu\Desktop\programming\flavorSynthesizer\src\components\dishList\DishListItem.tsx", "TypeScript JSX", 0, 0, 0, 0, 0, 0, 141, 0, 0, 0, 0, 13, 154
"c:\Users\dariu\Desktop\programming\flavorSynthesizer\src\components\dishManager\DishManager.ts", "TypeScript", 131, 0, 0, 0, 0, 0, 0, 0, 0, 0, 0, 16, 147
"c:\Users\dariu\Desktop\programming\flavorSynthesizer\src\components\download\Download.scss", "SCSS", 0, 0, 0, 0, 0, 90, 0, 0, 0, 0, 36, 15, 141
"c:\Users\dariu\Desktop\programming\flavorSynthesizer\src\components\download\Download.tsx", "TypeScript JSX", 0, 0, 0, 0, 0, 0, 71, 0, 0, 0, 12, 7, 90
"c:\Users\dariu\Desktop\programming\flavorSynthesizer\src\components\errorInfoComponents\notSupported\NotSupportedNotice.scss", "SCSS", 0, 0, 0, 0, 0, 29, 0, 0, 0, 0, 0, 6, 35
"c:\Users\dariu\Desktop\programming\flavorSynthesizer\src\components\errorInfoComponents\notSupported\NotSupportedNotice.tsx", "TypeScript JSX", 0, 0, 0, 0, 0, 0, 7, 0, 0, 0, 0, 1, 8
"c:\Users\dariu\Desktop\programming\flavorSynthesizer\src\components\errorInfoComponents\rotateDevice\RotateDeviceNotice.scss", "SCSS", 0, 0, 0, 0, 0, 26, 0, 0, 0, 0, 0, 6, 32
"c:\Users\dariu\Desktop\programming\flavorSynthesizer\src\components\errorInfoComponents\rotateDevice\RotateDeviceNotice.tsx", "TypeScript JSX", 0, 0, 0, 0, 0, 0, 41, 0, 0, 0, 0, 15, 56
"c:\Users\dariu\Desktop\programming\flavorSynthesizer\src\components\errorInfoComponents\rotateDevice\RotateDeviceNoticeDownload.ts", "TypeScript", 22, 0, 0, 0, 0, 0, 0, 0, 0, 0, 1, 4, 27
"c:\Users\dariu\Desktop\programming\flavorSynthesizer\src\components\flavor-dragn-drop-list\FlavorDragNDropList.scss", "SCSS", 0, 0, 0, 0, 0, 134, 0, 0, 0, 0, 28, 31, 193
"c:\Users\dariu\Desktop\programming\flavorSynthesizer\src\components\flavor-dragn-drop-list\FlavorDragNDropList.tsx", "TypeScript JSX", 0, 0, 0, 0, 0, 0, 29, 0, 0, 0, 0, 6, 35
"c:\Users\dariu\Desktop\programming\flavorSynthesizer\src\components\flavor-dragn-drop-list\FlavorDragNDropListItem.tsx", "TypeScript JSX", 0, 0, 0, 0, 0, 0, 86, 0, 0, 0, 20, 30, 136
"c:\Users\dariu\Desktop\programming\flavorSynthesizer\src\components\flavorSynth\CurrentDraggingReference.ts", "TypeScript", 24, 0, 0, 0, 0, 0, 0, 0, 0, 0, 0, 6, 30
"c:\Users\dariu\Desktop\programming\flavorSynthesizer\src\components\flavorSynth\CurrentPosimageInit.ts", "TypeScript", 17, 0, 0, 0, 0, 0, 0, 0, 0, 0, 2, 7, 26
"c:\Users\dariu\Desktop\programming\flavorSynthesizer\src\components\flavorSynth\ElementPlayer.ts", "TypeScript", 110, 0, 0, 0, 0, 0, 0, 0, 0, 0, 1, 15, 126
"c:\Users\dariu\Desktop\programming\flavorSynthesizer\src\components\flavorSynth\FlavorSynth.scss", "SCSS", 0, 0, 0, 0, 0, 58, 0, 0, 0, 0, 4, 8, 70
"c:\Users\dariu\Desktop\programming\flavorSynthesizer\src\components\flavorSynth\FlavorSynth.tsx", "TypeScript JSX", 0, 0, 0, 0, 0, 0, 786, 0, 0, 0, 45, 160, 991
"c:\Users\dariu\Desktop\programming\flavorSynthesizer\src\components\flavorSynth\FlavorSynthControls.scss", "SCSS", 0, 0, 0, 0, 0, 189, 0, 0, 0, 0, 16, 48, 253
"c:\Users\dariu\Desktop\programming\flavorSynthesizer\src\components\flavorSynth\PlayerTrack.tsx", "TypeScript JSX", 0, 0, 0, 0, 0, 0, 1221, 0, 0, 0, 123, 261, 1605
"c:\Users\dariu\Desktop\programming\flavorSynthesizer\src\components\flavorSynth\actionHistory\ActionHistoryManager.ts", "TypeScript", 279, 0, 0, 0, 0, 0, 0, 0, 0, 0, 0, 18, 297
"c:\Users\dariu\Desktop\programming\flavorSynthesizer\src\components\flavorSynth\controlKnob\ControlKnob.scss", "SCSS", 0, 0, 0, 0, 0, 102, 0, 0, 0, 0, 5, 19, 126
"c:\Users\dariu\Desktop\programming\flavorSynthesizer\src\components\flavorSynth\controlKnob\ControlKnob.tsx", "TypeScript JSX", 0, 0, 0, 0, 0, 0, 208, 0, 0, 0, 1, 49, 258
"c:\Users\dariu\Desktop\programming\flavorSynthesizer\src\components\flavorSynth\flavorStatistic\FlavorStatistic.scss", "SCSS", 0, 0, 0, 0, 0, 85, 0, 0, 0, 0, 1, 14, 100
"c:\Users\dariu\Desktop\programming\flavorSynthesizer\src\components\flavorSynth\flavorStatistic\FlavorStatistic.tsx", "TypeScript JSX", 0, 0, 0, 0, 0, 0, 8, 0, 0, 0, 1, 1, 10
"c:\Users\dariu\Desktop\programming\flavorSynthesizer\src\components\flavorSynth\synthLine\SynthLine.scss", "SCSS", 0, 0, 0, 0, 0, 96, 0, 0, 0, 0, 0, 18, 114
"c:\Users\dariu\Desktop\programming\flavorSynthesizer\src\components\flavorSynth\synthLine\SynthLine.tsx", "TypeScript JSX", 0, 0, 0, 0, 0, 0, 82, 0, 0, 0, 10, 19, 111
"c:\Users\dariu\Desktop\programming\flavorSynthesizer\src\components\imageMenu\ImageMenu.tsx", "TypeScript JSX", 0, 0, 0, 0, 0, 0, 298, 0, 0, 0, 2, 60, 360
"c:\Users\dariu\Desktop\programming\flavorSynthesizer\src\components\imageMenu\selections\createNewDish.json", "JSON", 0, 0, 1, 0, 0, 0, 0, 0, 0, 0, 0, 0, 1
"c:\Users\dariu\Desktop\programming\flavorSynthesizer\src\components\imageMenu\selections\customFlavors.json", "JSON", 0, 0, 1, 0, 0, 0, 0, 0, 0, 0, 0, 0, 1
"c:\Users\dariu\Desktop\programming\flavorSynthesizer\src\components\imageMenu\selections\listDishes.json", "JSON", 0, 0, 1, 0, 0, 0, 0, 0, 0, 0, 0, 0, 1
"c:\Users\dariu\Desktop\programming\flavorSynthesizer\src\components\imageMenu\selections\openShartedDish.json", "JSON", 0, 0, 1, 0, 0, 0, 0, 0, 0, 0, 0, 0, 1
"c:\Users\dariu\Desktop\programming\flavorSynthesizer\src\components\imageMenu\selections\restaurant.json", "JSON", 0, 0, 1, 0, 0, 0, 0, 0, 0, 0, 0, 0, 1
"c:\Users\dariu\Desktop\programming\flavorSynthesizer\src\components\initialMenu\InitialMenu.scss", "SCSS", 0, 0, 0, 0, 0, 313, 0, 0, 0, 0, 84, 71, 468
"c:\Users\dariu\Desktop\programming\flavorSynthesizer\src\components\initialMenu\InitialMenu.tsx", "TypeScript JSX", 0, 0, 0, 0, 0, 0, 137, 0, 0, 0, 18, 20, 175
"c:\Users\dariu\Desktop\programming\flavorSynthesizer\src\components\loading\Loading.scss", "SCSS", 0, 0, 0, 0, 0, 54, 0, 0, 0, 0, 0, 10, 64
"c:\Users\dariu\Desktop\programming\flavorSynthesizer\src\components\loading\Loading.tsx", "TypeScript JSX", 0, 0, 0, 0, 0, 0, 44, 0, 0, 0, 0, 16, 60
"c:\Users\dariu\Desktop\programming\flavorSynthesizer\src\components\loading\LoadingAnimationDownloads.ts", "TypeScript", 22, 0, 0, 0, 0, 0, 0, 0, 0, 0, 1, 4, 27
"c:\Users\dariu\Desktop\programming\flavorSynthesizer\src\components\multiplayerChatOverlay\MultiplayerChatOverlay.scss", "SCSS", 0, 0, 0, 0, 0, 212, 0, 0, 0, 0, 2, 34, 248
"c:\Users\dariu\Desktop\programming\flavorSynthesizer\src\components\multiplayerChatOverlay\MultiplayerChatOverlay.tsx", "TypeScript JSX", 0, 0, 0, 0, 0, 0, 86, 0, 0, 0, 0, 15, 101
"c:\Users\dariu\Desktop\programming\flavorSynthesizer\src\components\multiplayerSettingsOverlay\MultiplayerSettingsOverlay.scss", "SCSS", 0, 0, 0, 0, 0, 265, 0, 0, 0, 0, 9, 49, 323
"c:\Users\dariu\Desktop\programming\flavorSynthesizer\src\components\multiplayerSettingsOverlay\MultiplayerSettingsOverlay.tsx", "TypeScript JSX", 0, 0, 0, 0, 0, 0, 171, 0, 0, 0, 0, 31, 202
"c:\Users\dariu\Desktop\programming\flavorSynthesizer\src\components\openShareDialog\OpenShareDialog.scss", "SCSS", 0, 0, 0, 0, 0, 331, 0, 0, 0, 0, 62, 69, 462
"c:\Users\dariu\Desktop\programming\flavorSynthesizer\src\components\openShareDialog\OpenShareDialog.tsx", "TypeScript JSX", 0, 0, 0, 0, 0, 0, 404, 0, 0, 0, 2, 69, 475
"c:\Users\dariu\Desktop\programming\flavorSynthesizer\src\components\pixelDiv\BGBorderDivType.tsx", "TypeScript JSX", 0, 0, 0, 0, 0, 0, 20, 0, 0, 0, 22, 7, 49
"c:\Users\dariu\Desktop\programming\flavorSynthesizer\src\components\pixelDiv\PixelButton.scss", "SCSS", 0, 0, 0, 0, 0, 1, 0, 0, 0, 0, 18, 4, 23
"c:\Users\dariu\Desktop\programming\flavorSynthesizer\src\components\pixelDiv\PixelButton.tsx", "TypeScript JSX", 0, 0, 0, 0, 0, 0, 30, 0, 0, 0, 16, 7, 53
"c:\Users\dariu\Desktop\programming\flavorSynthesizer\src\components\pixelDiv\PixelDiv.scss", "SCSS", 0, 0, 0, 0, 0, 111, 0, 0, 0, 0, 119, 55, 285
"c:\Users\dariu\Desktop\programming\flavorSynthesizer\src\components\pixelDiv\PixelDiv.tsx", "TypeScript JSX", 0, 0, 0, 0, 0, 0, 25, 0, 0, 0, 16, 7, 48
"c:\Users\dariu\Desktop\programming\flavorSynthesizer\src\components\pixelDiv\PixelDivWBorder.tsx", "TypeScript JSX", 0, 0, 0, 0, 0, 0, 27, 0, 0, 0, 16, 9, 52
"c:\Users\dariu\Desktop\programming\flavorSynthesizer\src\components\pixelDiv\PixelImage.tsx", "TypeScript JSX", 0, 0, 0, 0, 0, 0, 23, 0, 0, 0, 0, 6, 29
"c:\Users\dariu\Desktop\programming\flavorSynthesizer\src\components\pixelDiv\PixelInput.scss", "SCSS", 0, 0, 0, 0, 0, 0, 0, 0, 0, 0, 0, 1, 1
"c:\Users\dariu\Desktop\programming\flavorSynthesizer\src\components\pixelDiv\PixelInput.tsx", "TypeScript JSX", 0, 0, 0, 0, 0, 0, 24, 0, 0, 0, 13, 7, 44
"c:\Users\dariu\Desktop\programming\flavorSynthesizer\src\components\pixelDiv\PixelLI.tsx", "TypeScript JSX", 0, 0, 0, 0, 0, 0, 26, 0, 0, 0, 16, 7, 49
"c:\Users\dariu\Desktop\programming\flavorSynthesizer\src\components\pixelDiv\PixelTextArea.tsx", "TypeScript JSX", 0, 0, 0, 0, 0, 0, 24, 0, 0, 0, 0, 4, 28
"c:\Users\dariu\Desktop\programming\flavorSynthesizer\src\components\progressCanvas\ProgressCanvas.tsx", "TypeScript JSX", 0, 0, 0, 0, 0, 0, 58, 0, 0, 0, 0, 22, 80
"c:\Users\dariu\Desktop\programming\flavorSynthesizer\src\components\restaurant\Restaurant.scss", "SCSS", 0, 0, 0, 0, 0, 289, 0, 0, 0, 0, 2, 47, 338
"c:\Users\dariu\Desktop\programming\flavorSynthesizer\src\components\restaurant\Restaurant.tsx", "TypeScript JSX", 0, 0, 0, 0, 0, 0, 222, 0, 0, 0, 27, 55, 304
"c:\Users\dariu\Desktop\programming\flavorSynthesizer\src\components\restaurant\RestaurantLoader.ts", "TypeScript", 71, 0, 0, 0, 0, 0, 0, 0, 0, 0, 19, 20, 110
"c:\Users\dariu\Desktop\programming\flavorSynthesizer\src\components\scroollingBackgroundImage\ScrollingBackgroundImage.scss", "SCSS", 0, 0, 0, 0, 0, 34, 0, 0, 0, 0, 5, 4, 43
"c:\Users\dariu\Desktop\programming\flavorSynthesizer\src\components\scroollingBackgroundImage\ScrollingBackgroundImage.tsx", "TypeScript JSX", 0, 0, 0, 0, 0, 0, 47, 0, 0, 0, 0, 3, 50
"c:\Users\dariu\Desktop\programming\flavorSynthesizer\src\components\shareDialog\ShareDialog.scss", "SCSS", 0, 0, 0, 0, 0, 462, 0, 0, 0, 0, 122, 107, 691
"c:\Users\dariu\Desktop\programming\flavorSynthesizer\src\components\shareDialog\ShareDialog.tsx", "TypeScript JSX", 0, 0, 0, 0, 0, 0, 492, 0, 0, 0, 43, 97, 632
"c:\Users\dariu\Desktop\programming\flavorSynthesizer\src\components\toggle\Toggle.scss", "SCSS", 0, 0, 0, 0, 0, 74, 0, 0, 0, 0, 0, 13, 87
"c:\Users\dariu\Desktop\programming\flavorSynthesizer\src\components\toggle\Toggle.tsx", "TypeScript JSX", 0, 0, 0, 0, 0, 0, 18, 0, 0, 0, 0, 6, 24
"c:\Users\dariu\Desktop\programming\flavorSynthesizer\src\components\tutorials\Tutorials.tsx", "TypeScript JSX", 0, 0, 0, 0, 0, 0, 62, 0, 0, 0, 0, 17, 79
"c:\Users\dariu\Desktop\programming\flavorSynthesizer\src\components\tutorials\components\custom\Custom.scss", "SCSS", 0, 0, 0, 0, 0, 86, 0, 0, 0, 0, 1, 12, 99
"c:\Users\dariu\Desktop\programming\flavorSynthesizer\src\components\tutorials\components\custom\Custom.tsx", "TypeScript JSX", 0, 0, 0, 0, 0, 0, 42, 0, 0, 0, 0, 4, 46
"c:\Users\dariu\Desktop\programming\flavorSynthesizer\src\components\tutorials\components\image\Image.scss", "SCSS", 0, 0, 0, 0, 0, 127, 0, 0, 0, 0, 1, 18, 146
"c:\Users\dariu\Desktop\programming\flavorSynthesizer\src\components\tutorials\components\image\Image.tsx", "TypeScript JSX", 0, 0, 0, 0, 0, 0, 41, 0, 0, 0, 0, 4, 45
"c:\Users\dariu\Desktop\programming\flavorSynthesizer\src\components\tutorials\components\text\Text.scss", "SCSS", 0, 0, 0, 0, 0, 96, 0, 0, 0, 0, 1, 14, 111
"c:\Users\dariu\Desktop\programming\flavorSynthesizer\src\components\tutorials\components\text\Text.tsx", "TypeScript JSX", 0, 0, 0, 0, 0, 0, 38, 0, 0, 0, 0, 3, 41
"c:\Users\dariu\Desktop\programming\flavorSynthesizer\src\components\tutorials\context\TutorialContext.ts", "TypeScript", 16, 0, 0, 0, 0, 0, 0, 0, 0, 0, 0, 4, 20
"c:\Users\dariu\Desktop\programming\flavorSynthesizer\src\components\tutorials\context\TutorialProgressContext.ts", "TypeScript", 19, 0, 0, 0, 0, 0, 0, 0, 0, 0, 0, 4, 23
"c:\Users\dariu\Desktop\programming\flavorSynthesizer\src\components\tutorials\dishList\DishListTutorial.scss", "SCSS", 0, 0, 0, 0, 0, 33, 0, 0, 0, 0, 0, 7, 40
"c:\Users\dariu\Desktop\programming\flavorSynthesizer\src\components\tutorials\dishList\DishListTutorial.tsx", "TypeScript JSX", 0, 0, 0, 0, 0, 0, 133, 0, 0, 0, 0, 4, 137
"c:\Users\dariu\Desktop\programming\flavorSynthesizer\src\components\tutorials\editor\EditorTutorialManager.tsx", "TypeScript JSX", 0, 0, 0, 0, 0, 0, 21, 0, 0, 0, 0, 2, 23
"c:\Users\dariu\Desktop\programming\flavorSynthesizer\src\components\tutorials\editor\initialLandingEditor\IntitialLandingEditorTutorial.scss", "SCSS", 0, 0, 0, 0, 0, 7, 0, 0, 0, 0, 0, 0, 7
"c:\Users\dariu\Desktop\programming\flavorSynthesizer\src\components\tutorials\editor\initialLandingEditor\IntitialLandingEditorTutorial.tsx", "TypeScript JSX", 0, 0, 0, 0, 0, 0, 93, 0, 0, 0, 0, 14, 107
"c:\Users\dariu\Desktop\programming\flavorSynthesizer\src\components\tutorials\editor\selectMainFlavor\SelectMainFlavorTutorial.tsx", "TypeScript JSX", 0, 0, 0, 0, 0, 0, 15, 0, 0, 0, 0, 5, 20
"c:\Users\dariu\Desktop\programming\flavorSynthesizer\src\components\tutorials\editor\share\ShareTutorial.tsx", "TypeScript JSX", 0, 0, 0, 0, 0, 0, 28, 0, 0, 0, 0, 6, 34
"c:\Users\dariu\Desktop\programming\flavorSynthesizer\src\components\tutorials\editor\synthLine\SynthLineTutorial.tsx", "TypeScript JSX", 0, 0, 0, 0, 0, 0, 96, 0, 0, 0, 0, 12, 108
"c:\Users\dariu\Desktop\programming\flavorSynthesizer\src\components\tutorials\home\HomeTutorial.tsx", "TypeScript JSX", 0, 0, 0, 0, 0, 0, 25, 0, 0, 0, 0, 5, 30
"c:\Users\dariu\Desktop\programming\flavorSynthesizer\src\components\tutorials\hooks\TutorialStepHook.ts", "TypeScript", 35, 0, 0, 0, 0, 0, 0, 0, 0, 0, 0, 7, 42
"c:\Users\dariu\Desktop\programming\flavorSynthesizer\src\components\tutorials\openShared\OpenSharedTutorial.tsx", "TypeScript JSX", 0, 0, 0, 0, 0, 0, 33, 0, 0, 0, 0, 4, 37
"c:\Users\dariu\Desktop\programming\flavorSynthesizer\src\components\tutorials\restaurant\RestuarantTutorial.scss", "SCSS", 0, 0, 0, 0, 0, 7, 0, 0, 0, 0, 0, 0, 7
"c:\Users\dariu\Desktop\programming\flavorSynthesizer\src\components\tutorials\restaurant\RestuarantTutorial.tsx", "TypeScript JSX", 0, 0, 0, 0, 0, 0, 30, 0, 0, 0, 0, 4, 34
"c:\Users\dariu\Desktop\programming\flavorSynthesizer\src\contexts\CurrentDish.ts", "TypeScript", 23, 0, 0, 0, 0, 0, 0, 0, 0, 0, 0, 4, 27
"c:\Users\dariu\Desktop\programming\flavorSynthesizer\src\contexts\CurrentDraggingElementTouch.ts", "TypeScript", 15, 0, 0, 0, 0, 0, 0, 0, 0, 0, 0, 3, 18
"c:\Users\dariu\Desktop\programming\flavorSynthesizer\src\contexts\CurrentInterPlayerDragContext.ts", "TypeScript", 19, 0, 0, 0, 0, 0, 0, 0, 0, 0, 0, 4, 23
"c:\Users\dariu\Desktop\programming\flavorSynthesizer\src\contexts\CurrentlyPlayingContext.ts", "TypeScript", 16, 0, 0, 0, 0, 0, 0, 0, 0, 0, 0, 3, 19
"c:\Users\dariu\Desktop\programming\flavorSynthesizer\src\contexts\CustomFlavors.ts", "TypeScript", 16, 0, 0, 0, 0, 0, 0, 0, 0, 0, 0, 3, 19
"c:\Users\dariu\Desktop\programming\flavorSynthesizer\src\contexts\DishActions.ts", "TypeScript", 15, 0, 0, 0, 0, 0, 0, 0, 0, 0, 0, 4, 19
"c:\Users\dariu\Desktop\programming\flavorSynthesizer\src\contexts\DishesContext.ts", "TypeScript", 17, 0, 0, 0, 0, 0, 0, 0, 0, 0, 0, 3, 20
"c:\Users\dariu\Desktop\programming\flavorSynthesizer\src\contexts\FlavorSynthContextMenuContext.ts", "TypeScript", 14, 0, 0, 0, 0, 0, 0, 0, 0, 0, 0, 5, 19
"c:\Users\dariu\Desktop\programming\flavorSynthesizer\src\contexts\GameStateContext.ts", "TypeScript", 17, 0, 0, 0, 0, 0, 0, 0, 0, 0, 0, 4, 21
"c:\Users\dariu\Desktop\programming\flavorSynthesizer\src\contexts\LoadingAnimationContext.ts", "TypeScript", 25, 0, 0, 0, 0, 0, 0, 0, 0, 0, 0, 3, 28
"c:\Users\dariu\Desktop\programming\flavorSynthesizer\src\contexts\MainFlavorContext.ts", "TypeScript", 14, 0, 0, 0, 0, 0, 0, 0, 0, 0, 0, 3, 17
"c:\Users\dariu\Desktop\programming\flavorSynthesizer\src\contexts\MultiplayerContext.ts", "TypeScript", 31, 0, 0, 0, 0, 0, 0, 0, 0, 0, 0, 3, 34
"c:\Users\dariu\Desktop\programming\flavorSynthesizer\src\contexts\SynthChangeContext.ts", "TypeScript", 12, 0, 0, 0, 0, 0, 0, 0, 0, 0, 0, 3, 15
"c:\Users\dariu\Desktop\programming\flavorSynthesizer\src\contexts\SynthLinesContext.ts", "TypeScript", 34, 0, 0, 0, 0, 0, 0, 0, 0, 0, 2, 3, 39
"c:\Users\dariu\Desktop\programming\flavorSynthesizer\src\contexts\SynthSelectorContext.ts", "TypeScript", 19, 0, 0, 0, 0, 0, 0, 0, 0, 0, 0, 3, 22
"c:\Users\dariu\Desktop\programming\flavorSynthesizer\src\contexts\TitleContext.tsx", "TypeScript JSX", 0, 0, 0, 0, 0, 0, 19, 0, 0, 0, 0, 6, 25
"c:\Users\dariu\Desktop\programming\flavorSynthesizer\src\contexts\TooltipContext.ts", "TypeScript", 9, 0, 0, 0, 0, 0, 0, 0, 0, 0, 0, 3, 12
"c:\Users\dariu\Desktop\programming\flavorSynthesizer\src\contexts\TouchCheckerContext.ts", "TypeScript", 12, 0, 0, 0, 0, 0, 0, 0, 0, 0, 0, 3, 15
"c:\Users\dariu\Desktop\programming\flavorSynthesizer\src\contexts\UserContext.ts", "TypeScript", 14, 0, 0, 0, 0, 0, 0, 0, 0, 0, 0, 3, 17
"c:\Users\dariu\Desktop\programming\flavorSynthesizer\src\download\DownloadManager.ts", "TypeScript", 78, 0, 0, 0, 0, 0, 0, 0, 0, 0, 164, 47, 289
"c:\Users\dariu\Desktop\programming\flavorSynthesizer\src\download\ImageDownloadManager.ts", "TypeScript", 149, 0, 0, 0, 0, 0, 0, 0, 0, 0, 1, 8, 158
"c:\Users\dariu\Desktop\programming\flavorSynthesizer\src\hooks\Debounce.ts", "TypeScript", 20, 0, 0, 0, 0, 0, 0, 0, 0, 0, 0, 1, 21
"c:\Users\dariu\Desktop\programming\flavorSynthesizer\src\hooks\Fetch.ts", "TypeScript", 91, 0, 0, 0, 0, 0, 0, 0, 0, 0, 0, 23, 114
"c:\Users\dariu\Desktop\programming\flavorSynthesizer\src\hooks\JsObjectHook.ts", "TypeScript", 101, 0, 0, 0, 0, 0, 0, 0, 0, 0, 0, 40, 141
"c:\Users\dariu\Desktop\programming\flavorSynthesizer\src\hooks\TutorialStarter.ts", "TypeScript", 10, 0, 0, 0, 0, 0, 0, 0, 0, 0, 0, 1, 11
"c:\Users\dariu\Desktop\programming\flavorSynthesizer\src\main\index.scss", "SCSS", 0, 0, 0, 0, 0, 263, 0, 0, 0, 0, 11, 53, 327
"c:\Users\dariu\Desktop\programming\flavorSynthesizer\src\main\main.tsx", "TypeScript JSX", 0, 0, 0, 0, 0, 0, 20, 0, 0, 0, 0, 4, 24
"c:\Users\dariu\Desktop\programming\flavorSynthesizer\src\serverCommunication\ServerCommunication.ts", "TypeScript", 517, 0, 0, 0, 0, 0, 0, 0, 0, 0, 31, 79, 627
"c:\Users\dariu\Desktop\programming\flavorSynthesizer\src\utils\Images.scss", "SCSS", 0, 0, 0, 0, 0, 12, 0, 0, 0, 0, 0, 2, 14
"c:\Users\dariu\Desktop\programming\flavorSynthesizer\src\utils\Network.ts", "TypeScript", 60, 0, 0, 0, 0, 0, 0, 0, 0, 0, 0, 16, 76
"c:\Users\dariu\Desktop\programming\flavorSynthesizer\src\utils\Statics.ts", "TypeScript", 4, 0, 0, 0, 0, 0, 0, 0, 0, 0, 4, 1, 9
"c:\Users\dariu\Desktop\programming\flavorSynthesizer\src\utils\UserUtils.ts", "TypeScript", 86, 0, 0, 0, 0, 0, 0, 0, 0, 0, 0, 7, 93
"c:\Users\dariu\Desktop\programming\flavorSynthesizer\src\utils\Utils.ts", "TypeScript", 110, 0, 0, 0, 0, 0, 0, 0, 0, 0, 0, 21, 131
"c:\Users\dariu\Desktop\programming\flavorSynthesizer\src\utils\Variables.scss", "SCSS", 0, 0, 0, 0, 0, 98, 0, 0, 0, 0, 93, 48, 239
"c:\Users\dariu\Desktop\programming\flavorSynthesizer\src\utils\clamp.scss", "SCSS", 0, 0, 0, 0, 0, 38, 0, 0, 0, 0, 0, 8, 46
"c:\Users\dariu\Desktop\programming\flavorSynthesizer\test.html", "HTML", 0, 0, 0, 0, 15, 0, 0, 0, 0, 0, 0, 8, 23
"c:\Users\dariu\Desktop\programming\flavorSynthesizer\todo.md", "Markdown", 0, 11, 0, 0, 0, 0, 0, 0, 0, 0, 0, 5, 16
"c:\Users\dariu\Desktop\programming\flavorSynthesizer\tsconfig.app.json", "JSON", 0, 0, 24, 0, 0, 0, 0, 0, 0, 0, 2, 3, 29
"c:\Users\dariu\Desktop\programming\flavorSynthesizer\tsconfig.json", "JSON with Comments", 0, 0, 0, 7, 0, 0, 0, 0, 0, 0, 0, 1, 8
"c:\Users\dariu\Desktop\programming\flavorSynthesizer\tsconfig.node.json", "JSON", 0, 0, 22, 0, 0, 0, 0, 0, 0, 0, 2, 3, 27
"c:\Users\dariu\Desktop\programming\flavorSynthesizer\vite.config.ts", "TypeScript", 23, 0, 0, 0, 0, 0, 0, 0, 0, 0, 1, 2, 26
"Total", "-", 5825, 2305, 10528, 32, 35, 4960, 7499, 22, 449, 1, 1731, 4202, 37589